timp;v_in;m;omega;ia
0;0;0;0;0
0,002;0;0;0;0
0,004;0;0;0;0
0,005;0;0;0;0
0,005;24;0;0;0
0,005000024;24;0;1,9427E-06;0,011485027
0,005000049;24;0;6,13063E-06;0,022965496
0,005000073;24;0;1,26102E-05;0,034441313
0,005000161;24;0;5,35731E-05;0,075844001
0,00500025;24;0;0,000123686;0,11718751
0,005000338;24;0;0,000223466;0,15847079
0,005000426;24;0;0,000353067;0,199693527
0,005000675;24;0;0,000880644;0,315933079
0,005000924;24;0;0,00164561;0,431690605
0,005001174;24;0;0,002647015;0,546967987
0,005001423;24;0;0,003883875;0,661767178
0,005002453;24;0;0,011466104;1,130884448
0,005003482;24;0;0,02298033;1,592012064
0,005004512;24;0;0,038359312;2,045283369
0,005005541;24;0;0,057537084;2,490829168
0,005006571;24;0;0,080448892;2,928777876
0,005011218;24;0;0,228610268;4,814169272
0,005015864;24;0;0,445971248;6,558417623
0,005020511;24;0;0,727349805;8,171800012
0,005025158;24;0;1,067938292;9,66385156
0,005029805;24;0;1,463277294;11,04341725
0,005034451;24;0;1,909232842;12,31869708
0,005048959;24;0;3,586495915;15,71000067
0,005063466;24;0;5,621099186;18,35468354
0,005077974;24;0;7,934161088;20,40929299
0,005092481;24;0;10,46331985;21,99763621
0,005106989;24;0;13,1590847;23,21801145
0,005121496;24;0;15,9823074;24,14821886
0,00514708;24;0;21,17942611;25,2647192
0,005172663;24;0;26,55690358;25,908782
0,005198246;24;0;32,03548789;26,23862688
0,00522383;24;0;37,56164931;26,36148579
0,005249413;24;0;43,09916207;26,35028607
0,005274996;24;0;48,62451728;26,25274145
0,005315755;24;0;57,36584162;25,99375317
0,005356513;24;0;66,00635512;25,6615004
0,005397271;24;0;74,53062988;25,29092713
0,00543803;24;0;82,92954436;24,9044096
0,005478788;24;0;91,19857675;24,51513954
0,005519546;24;0;99,33718436;24,12835518
0,005616408;24;0;118,1600593;23,23330099
0,005713269;24;0;136,279999;22,36207827
0,005810131;24;0;153,7232612;21,5141409
0,005906992;24;0;170,5093636;20,70036457
0,006003854;24;0;186,6611427;19,92318723
0,006100716;24;0;202,2050714;19,17604665
0,006369948;24;0;242,4046875;17,25018296
0,006639181;24;0;278,547774;15,50226863
0,006908414;24;0;311,0377116;13,92830197
0,007177647;24;0;340,2402345;12,52009452
0,00744688;24;0;366,4905933;11,25627085
0,007716113;24;0;390,0889496;10,11880444
0,008385885;24;0;438,8836716;7,766801814
0,009055657;24;0;476,2975849;5,962593302
0,009725429;24;0;505,0328834;4,577622399
0,010395201;24;0;527,1110926;3,51354431
0,011064973;24;0;544,06398;2,696318207
0,012080128;24;0;562,4477109;1,810140547
0,013095283;24;0;574,7599468;1,21665549
0,014110438;24;0;583,0555363;0,816782932
0,015125593;24;0;588,6454243;0,547329614
0,016140748;24;0;592,3969707;0,366491952
0,017729316;24;0;595,8580994;0,199653828
0,019317884;24;0;597,7180079;0,109999936
0,020906452;24;0;598,7613033;0,059709441
0,02249502;24;0;599,3463036;0,031510407
0,024083589;24;0;599,6597054;0,01640337
0,026083589;24;0;599,8591074;0,006791508
0,028083589;24;0;599,9423173;0,002780504
0,030083589;24;0;599,9755796;0,001177148
0,032083589;24;0;599,9890771;0,00052652
0,034083589;24;0;599,9947147;0,000254771
0,036083589;24;0;599,9973589;0,00012731
0,038083589;24;0;599,9986641;6,43971E-05
0,040083589;24;0;599,9993212;3,272E-05
0,042083589;24;0;599,9996545;1,6652E-05
0,044083589;24;0;599,9998241;8,47957E-06
0,046083589;24;0;599,9999104;4,31891E-06
0,048083589;24;0;599,9999544;2,19992E-06
0,050083589;24;0;599,9999768;1,1206E-06
0,052083589;24;0;599,9999882;5,70823E-07
0,054083589;24;0;599,999994;2,90772E-07
0,056083589;24;0;599,9999969;1,48117E-07
0,058083589;24;0;599,9999984;7,54493E-08
0,060083589;24;0;599,9999992;3,84332E-08
0,062083589;24;0;599,9999996;1,95776E-08
0,064083589;24;0;599,9999998;9,97265E-09
0,066083589;24;0;599,9999999;5,07998E-09
0,068083589;24;0;599,9999999;2,58771E-09
0,070083589;24;0;600;1,31815E-09
0,072083589;24;0;600;6,71458E-10
0,074083589;24;0;600;3,42038E-10
0,076083589;24;0;600;1,74233E-10
0,078083589;24;0;600;8,87551E-11
0,080083589;24;0;600;4,52084E-11
0,082083589;24;0;600;2,30319E-11
0,084083589;24;0;600;1,17305E-11
0,086083589;24;0;600;5,97681E-12
0,088083589;24;0;600;3,04229E-12
0,090083589;24;0;600;1,55004E-12
0,092083589;24;0;600;7,91536E-13
0,094083589;24;0;600;3,98929E-13
0,096083589;24;0;600;2,07946E-13
0,098083589;24;0;600;1,06272E-13
0,1;24;0;600;5,66224E-14
0,025431527;24;0;599,8145752;0,001439221
0,025609524;24;0;599,8253806;0,004922814
0,025825306;24;0;599,8406288;0,002627081
0,02606878;24;0;599,8609912;-0,008955158
0,026289996;24;0;599,8789068;-0,020616672
0,026469584;24;0;599,881159;-0,007201353
0,026637044;24;0;599,8848149;0,001117885
0,026832369;24;0;599,8930686;0,001658804
0,0270685;24;0;599,9055717;-0,004361334
0,027308023;24;0;599,9227853;-0,021156171
0,027506126;24;0;599,9277443;-0,017849587
0,02767298;24;0;599,9257541;-0,003614537
0,027849789;24;0;599,9289761;0,000188388
0,028067601;24;0;599,9358729;-0,001870198
0,028314449;24;0;599,9481881;-0,014274078
0,028491545;24;0;599,947543;-0,005079168
0,028668641;24;0;599,9492102;-0,001002728
0,028883973;24;0;599,9542687;-0,002723341
0,029128147;24;0;599,9642055;-0,013817116
0,029350374;24;0;599,973834;-0,025763124
0,029530076;24;0;599,9694682;-0,011782604
0,029696807;24;0;599,9673043;-0,002878157
0,029891293;24;0;599,9693639;-0,001946273
0,030127382;24;0;599,9749931;-0,007512696
0,03036792;24;0;599,986092;-0,024326291
0,030566745;24;0;599,9865241;-0,021255986
0,030733339;24;0;599,9805705;-0,006397029
0,030909254;24;0;599,9800005;-0,002247695
0,031126398;24;0;599,9826221;-0,003994192
0,03137374;24;0;599,9905324;-0,016086798
0,031551166;24;0;599,9871183;-0,006957582
0,031728593;24;0;599,9861336;-0,002803362
0,031944028;24;0;599,9881896;-0,004402966
0,032187888;24;0;599,994986;-0,015313493
0,03240977;24;0;600,0018909;-0,026874971
0,032589493;24;0;599,9956583;-0,012935285
0,032756519;24;0;599,9918761;-0,004062137
0,032951277;24;0;599,9921311;-0,00307176
0,033187317;24;0;599,9957469;-0,00857278
0,033427472;24;0;600,0048896;-0,025150324
0,033626085;24;0;600,0038287;-0,021879098
0,033792818;24;0;599,9968516;-0,007139315
0,033969052;24;0;599,9952141;-0,002992799
0,034186387;24;0;599,9966007;-0,004712443
0,03443351;24;0;600,0032162;-0,016756336
0,034610865;24;0;599,9989192;-0,007536814
0,03478822;24;0;599,9971279;-0,003330653
0,03500361;24;0;599,9982812;-0,004879077
0,035247516;24;0;600,0041471;-0,015741612
0,035469483;24;0;600,0103094;-0,027321434
0,035649225;24;0;600,0034934;-0,013340424
0,035816197;24;0;599,9991981;-0,004417754
0,036010884;24;0;599,9989058;-0,003392862
0,036246909;24;0;600,001911;-0,008852758
0,036487144;24;0;600,0105046;-0,025424085
0,036685822;24;0;600,0090414;-0,022176012
0,036852541;24;0;600,0017159;-0,007386422
0,037028703;24;0;599,9997439;-0,003209838
0,037245977;24;0;600,0007523;-0,004901989
0,037493133;24;0;600,0069745;-0,016915364
0,037670522;24;0;600,0024322;-0,007703808
0,037847911;24;0;600,0004052;-0,003491116
0,038063308;24;0;600,0012919;-0,005028734
0,038307178;24;0;600,0068783;-0,015872751
0,03852911;24;0;600,0127973;-0,027414501
0,038708858;24;0;600,0058179;-0,013441724
0,038875863;24;0;600,0013794;-0,004523297
0,039070576;24;0;600,0009266;-0,003493314
0,039306592;24;0;600,0037531;-0,008947051
0,039546786;24;0;600,0121713;-0,025493331
0,039745445;24;0;600,010576;-0,022228087
0,039912182;24;0;600,0031611;-0,007452269
0,040088377;24;0;600,0010944;-0,003276388
0,040305668;24;0;600,0019931;-0,004966294
0,040552797;24;0;600,0080999;-0,016973992
0,040730182;24;0;600,0034798;-0,007755371
0,040907567;24;0;600,0013812;-0,003538224
0,041122959;24;0;600,0021878;-0,005071249
0,041366829;24;0;600,0076911;-0,015909913
0,041588767;24;0;600,0135432;-0,027451496
0,041768519;24;0;600,0065131;-0,013477252
0,041935523;24;0;600,0020294;-0,004555084
0,04213023;24;0;600,0015281;-0,003522068
0,042366242;24;0;600,0043003;-0,008971955
0,04260644;24;0;600,0126688;-0,025515783
0,042805105;24;0;600,011038;-0,022252987
0,042971843;24;0;600,0035929;-0,007474209
0,043148034;24;0;600,0014966;-0,003295845
0,043365318;24;0;600,0023618;-0,004983352
0,043612448;24;0;600,0084333;-0,01698768
0,043789838;24;0;600,0037917;-0,007770258
0,043967227;24;0;600,0016722;-0,003552617
0,044182618;24;0;600,0024551;-0,005084662
0,044426484;24;0;600,0079333;-0,015921157
0,044648418;24;0;600,0137634;-0,027458457
0,044828171;24;0;600,0067193;-0,013486016
0,044995179;24;0;600,0022231;-0,004564557
0,045189889;24;0;600,0017076;-0,00353111
0,045425899;24;0;600,0044638;-0,008980361
0,045666091;24;0;600,0128163;-0,025521034
0,045864755;24;0;600,0111738;-0,022256874
0,046031496;24;0;600,0037212;-0,007480048
0,046207691;24;0;600,0016165;-0,003301846
0,046424977;24;0;600,002472;-0,004989179
0,046672103;24;0;600,0085331;-0,016992692
0,046849492;24;0;600,0038847;-0,007774868
0,047026882;24;0;600,0017589;-0,003556869
0,047242272;24;0;600,0025347;-0,005088495
0,047486137;24;0;600,0080054;-0,015924264
0,047708071;24;0;600,0138293;-0,02746113
0,047887825;24;0;600,006781;-0,013489066
0,048054834;24;0;600,0022808;-0,004567429
0,048249543;24;0;600,001761;-0,003533721
0,048485552;24;0;600,0045124;-0,008982586
0,048725745;24;0;600,0128602;-0,025522601
0,048924409;24;0;600,0112147;-0,022258743
0,049091151;24;0;600,0037595;-0,007481995
0,049267345;24;0;600,0016522;-0,003303617
0,049484631;24;0;600,0025047;-0,004990748
0,049731756;24;0;600,0085627;-0,016993811
0,049909146;24;0;600,0039124;-0,007776205
0,050086536;24;0;600,0017847;-0,00355818
0,050301927;24;0;600,0025584;-0,005089715
0,05054579;24;0;600,0080268;-0,015925171
0,050767724;24;0;600,0138487;-0,027461452
0,050947479;24;0;600,0067992;-0,013489793
0,051114488;24;0;600,002298;-0,004568294
0,051309197;24;0;600,0017769;-0,003534552
0,051545206;24;0;600,0045269;-0,00898334
0,051785398;24;0;600,0128732;-0,025522863
0,051984062;24;0;600,0112266;-0,022258922
0,052150804;24;0;600,0037709;-0,007482512
0,052326999;24;0;600,0016629;-0,003304171
0,052544285;24;0;600,0025145;-0,004991292
0,05279141;24;0;600,0085715;-0,016994211
0,0529688;24;0;600,0039206;-0,007776622
0,05314619;24;0;600,0017924;-0,003558574
0,05336158;24;0;600,0025655;-0,005090069
0,053605444;24;0;600,0080332;-0,015925403
0,053827377;24;0;600,0138545;-0,027461549
0,054007132;24;0;600,0068047;-0,01349004
0,054174141;24;0;600,0023031;-0,004568561
0,054368851;24;0;600,0017817;-0,003534797
0,05460486;24;0;600,0045312;-0,00898354
0,054845051;24;0;600,012877;-0,025522905
0,055043716;24;0;600,0112302;-0,02225901
0,055210458;24;0;600,0037743;-0,007482685
0,055386653;24;0;600,001666;-0,003304338
0,055603938;24;0;600,0025174;-0,004991444
0,055851063;24;0;600,0085741;-0,016994288
0,056028453;24;0;600,0039231;-0,007776744
0,056205844;24;0;600,0017947;-0,003558698
0,056421234;24;0;600,0025676;-0,005090184
0,056665097;24;0;600,0080351;-0,015925463
0,056887031;24;0;600,0138562;-0,02746151
0,057066786;24;0;600,0068063;-0,013490092
0,057233795;24;0;600,0023047;-0,004568643
0,057428505;24;0;600,0017831;-0,003534877
0,057664513;24;0;600,0045325;-0,008983609
0,057904704;24;0;600,0128782;-0,025522881
0,058103369;24;0;600,0112313;-0,022258988
0,058270111;24;0;600,0037753;-0,00748273
0,058446306;24;0;600,001667;-0,003304392
0,058663592;24;0;600,0025183;-0,004991499
0,058910716;24;0;600,0085749;-0,016994314
0,059088107;24;0;600,0039238;-0,007776782
0,059265497;24;0;600,0017954;-0,003558736
0,059480887;24;0;600,0025682;-0,005090218
0,05972475;24;0;600,0080356;-0,015925473
0,059946684;24;0;600,0138566;-0,027461486
0,060126439;24;0;600,0068068;-0,013490109
0,060293448;24;0;600,0023051;-0,004568669
0,060488158;24;0;600,0017835;-0,003534902
0,060724167;24;0;600,0045329;-0,008983628
0,060964358;24;0;600,0128785;-0,025522863
0,061163022;24;0;600,0112316;-0,022258977
0,061329765;24;0;600,0037756;-0,007482746
0,06150596;24;0;600,0016673;-0,003304409
0,061723245;24;0;600,0025186;-0,004991515
0,06197037;24;0;600,0085751;-0,016994316
0,06214776;24;0;600,003924;-0,007776794
0,06232515;24;0;600,0017956;-0,003558749
0,062540541;24;0;600,0025684;-0,00509023
0,062784404;24;0;600,0080358;-0,015925474
0,063006337;24;0;600,0138568;-0,027461468
0,063186092;24;0;600,006807;-0,013490111
0,063353102;24;0;600,0023053;-0,004568678
0,063547811;24;0;600,0017836;-0,00353491
0,06378382;24;0;600,004533;-0,008983634
0,064024011;24;0;600,0128786;-0,02552285
0,064222676;24;0;600,0112317;-0,022258967
0,064389418;24;0;600,0037757;-0,00748275
0,064565613;24;0;600,0016673;-0,003304415
0,064782899;24;0;600,0025187;-0,004991521
0,065030023;24;0;600,0085752;-0,016994315
0,065207414;24;0;600,0039241;-0,007776798
0,065384804;24;0;600,0017957;-0,003558753
0,065600194;24;0;600,0025685;-0,005090234
0,065844057;24;0;600,0080359;-0,015925473
0,066065991;24;0;600,0138568;-0,027461458
0,066245746;24;0;600,006807;-0,013490111
0,066412755;24;0;600,0023053;-0,004568681
0,066607465;24;0;600,0017837;-0,003534913
0,066843473;24;0;600,0045331;-0,008983636
0,067083665;24;0;600,0128786;-0,025522843
0,067282329;24;0;600,0112317;-0,022258962
0,067449072;24;0;600,0037757;-0,007482751
0,067625267;24;0;600,0016674;-0,003304417
0,067842552;24;0;600,0025187;-0,004991523
0,068089677;24;0;600,0085752;-0,016994315
0,068267067;24;0;600,0039241;-0,007776799
0,068444457;24;0;600,0017957;-0,003558755
0,068659847;24;0;600,0025685;-0,005090235
0,06890371;24;0;600,0080359;-0,015925471
0,069125644;24;0;600,0138568;-0,027461453
0,069305399;24;0;600,006807;-0,013490111
0,069472408;24;0;600,0023053;-0,004568682
0,069667118;24;0;600,0017837;-0,003534914
0,069903127;24;0;600,0045331;-0,008983637
0,070143318;24;0;600,0128786;-0,02552284
0,070341982;24;0;600,0112317;-0,022258959
0,070508725;24;0;600,0037757;-0,007482751
0,07068492;24;0;600,0016674;-0,003304418
0,070902205;24;0;600,0025187;-0,004991524
0,07114933;24;0;600,0085752;-0,016994314
0,07132672;24;0;600,0039241;-0,007776799
0,071504111;24;0;600,0017957;-0,003558756
0,071719501;24;0;600,0025685;-0,005090236
0,071963364;24;0;600,0080359;-0,015925471
0,072185298;24;0;600,0138568;-0,02746145
0,072365053;24;0;600,006807;-0,01349011
0,072532062;24;0;600,0023053;-0,004568682
0,072726772;24;0;600,0017837;-0,003534915
0,07296278;24;0;600,0045331;-0,008983637
0,073202971;24;0;600,0128786;-0,025522838
0,073401636;24;0;600,0112317;-0,022258957
0,073568378;24;0;600,0037757;-0,007482752
0,073744573;24;0;600,0016674;-0,003304418
0,073961859;24;0;600,0025187;-0,004991525
0,074208983;24;0;600,0085752;-0,016994314
0,074386374;24;0;600,0039241;-0,0077768
0,074563764;24;0;600,0017957;-0,003558756
0,074779154;24;0;600,0025685;-0,005090236
0,075023017;24;0;600,0080359;-0,01592547
0,075244951;24;0;600,0138568;-0,027461449
0,075424706;24;0;600,006807;-0,01349011
0,075591715;24;0;600,0023053;-0,004568683
0,075786425;24;0;600,0017837;-0,003534915
0,076022434;24;0;600,0045331;-0,008983637
0,076262625;24;0;600,0128786;-0,025522837
0,076461289;24;0;600,0112317;-0,022258957
0,076628032;24;0;600,0037757;-0,007482752
0,076804227;24;0;600,0016674;-0,003304419
0,077021512;24;0;600,0025187;-0,004991525
0,077268637;24;0;600,0085752;-0,016994313
0,077446027;24;0;600,0039241;-0,0077768
0,077623417;24;0;600,0017957;-0,003558756
0,077838808;24;0;600,0025685;-0,005090236
0,078082671;24;0;600,0080359;-0,01592547
0,078304604;24;0;600,0138568;-0,027461449
0,078484359;24;0;600,006807;-0,01349011
0,078651369;24;0;600,0023053;-0,004568683
0,078846078;24;0;600,0017837;-0,003534915
0,079082087;24;0;600,0045331;-0,008983637
0,079322278;24;0;600,0128786;-0,025522837
0,079520942;24;0;600,0112317;-0,022258956
0,079687685;24;0;600,0037757;-0,007482752
0,07986388;24;0;600,0016674;-0,003304419
0,080081166;24;0;600,0025187;-0,004991525
0,08032829;24;0;600,0085752;-0,016994313
0,08050568;24;0;600,0039241;-0,0077768
0,080683071;24;0;600,0017957;-0,003558756
0,080898461;24;0;600,0025685;-0,005090236
0,081142324;24;0;600,0080359;-0,01592547
0,081364258;24;0;600,0138568;-0,027461448
0,081544013;24;0;600,006807;-0,01349011
0,081711022;24;0;600,0023053;-0,004568683
0,081905732;24;0;600,0017837;-0,003534915
0,08214174;24;0;600,0045331;-0,008983637
0,082381931;24;0;600,0128786;-0,025522836
0,082580596;24;0;600,0112317;-0,022258956
0,082747338;24;0;600,0037757;-0,007482752
0,082923534;24;0;600,0016674;-0,003304419
0,083140819;24;0;600,0025187;-0,004991525
0,083387943;24;0;600,0085752;-0,016994313
0,083565334;24;0;600,0039241;-0,0077768
0,083742724;24;0;600,0017957;-0,003558756
0,083958114;24;0;600,0025685;-0,005090236
0,084201977;24;0;600,0080359;-0,01592547
0,084423911;24;0;600,0138568;-0,027461448
0,084603666;24;0;600,006807;-0,01349011
0,084770675;24;0;600,0023053;-0,004568683
0,084965385;24;0;600,0017837;-0,003534915
0,085201394;24;0;600,0045331;-0,008983637
0,085441585;24;0;600,0128786;-0,025522836
0,085640249;24;0;600,0112317;-0,022258956
0,085806992;24;0;600,0037757;-0,007482752
0,085983187;24;0;600,0016674;-0,003304419
0,086200472;24;0;600,0025187;-0,004991525
0,086447597;24;0;600,0085752;-0,016994313
0,086624987;24;0;600,0039241;-0,0077768
0,086802378;24;0;600,0017957;-0,003558756
0,087017768;24;0;600,0025685;-0,005090236
0,087261631;24;0;600,0080359;-0,01592547
0,087483565;24;0;600,0138568;-0,027461448
0,087663319;24;0;600,006807;-0,01349011
0,087830329;24;0;600,0023053;-0,004568683
0,088025039;24;0;600,0017837;-0,003534915
0,088261047;24;0;600,0045331;-0,008983637
0,088501238;24;0;600,0128786;-0,025522836
0,088699903;24;0;600,0112317;-0,022258956
0,088866645;24;0;600,0037757;-0,007482752
0,08904284;24;0;600,0016674;-0,003304419
0,089260126;24;0;600,0025187;-0,004991525
0,08950725;24;0;600,0085752;-0,016994313
0,089684641;24;0;600,0039241;-0,0077768
0,089862031;24;0;600,0017957;-0,003558756
0,090077421;24;0;600,0025685;-0,005090236
0,090321284;24;0;600,0080359;-0,01592547
0,090543218;24;0;600,0138568;-0,027461448
0,090722973;24;0;600,006807;-0,01349011
0,090889982;24;0;600,0023053;-0,004568683
0,091084692;24;0;600,0017837;-0,003534915
0,0913207;24;0;600,0045331;-0,008983637
0,091560892;24;0;600,0128786;-0,025522836
0,091759556;24;0;600,0112317;-0,022258956
0,091926299;24;0;600,0037757;-0,007482752
0,092102494;24;0;600,0016674;-0,003304419
0,092319779;24;0;600,0025187;-0,004991525
0,092566904;24;0;600,0085752;-0,016994313
0,092744294;24;0;600,0039241;-0,0077768
0,092921684;24;0;600,0017957;-0,003558756
0,093137074;24;0;600,0025685;-0,005090236
0,093380938;24;0;600,0080359;-0,01592547
0,093602871;24;0;600,0138568;-0,027461448
0,093782626;24;0;600,006807;-0,01349011
0,093949636;24;0;600,0023053;-0,004568683
0,094144345;24;0;600,0017837;-0,003534915
0,094380354;24;0;600,0045331;-0,008983637
0,094620545;24;0;600,0128786;-0,025522836
0,094819209;24;0;600,0112317;-0,022258956
0,094985952;24;0;600,0037757;-0,007482752
0,095162147;24;0;600,0016674;-0,003304419
0,095379432;24;0;600,0025187;-0,004991525
0,095626557;24;0;600,0085752;-0,016994313
0,095803947;24;0;600,0039241;-0,0077768
0,095981338;24;0;600,0017957;-0,003558756
0,096196728;24;0;600,0025685;-0,005090236
0,096440591;24;0;600,0080359;-0,01592547
0,096662525;24;0;600,0138568;-0,027461448
0,09684228;24;0;600,006807;-0,01349011
0,097009289;24;0;600,0023053;-0,004568683
0,097203999;24;0;600,0017837;-0,003534915
0,097440007;24;0;600,0045331;-0,008983637
0,097680198;24;0;600,0128786;-0,025522836
0,097878863;24;0;600,0112317;-0,022258956
0,098045605;24;0;600,0037757;-0,007482752
0,0982218;24;0;600,0016674;-0,003304419
0,098439086;24;0;600,0025187;-0,004991525
0,09868621;24;0;600,0085752;-0,016994313
0,098863601;24;0;600,0039241;-0,0077768
0,099040991;24;0;600,0017957;-0,003558756
0,099256381;24;0;600,0025685;-0,005090236
0,099500244;24;0;600,0080359;-0,01592547
0,099722178;24;0;600,0138568;-0,027461448
0,099901933;24;0;600,006807;-0,01349011
0,1;24;0;600,0014411;-0,002855933
0,04861426;24;0;599,9999804;9,45544E-07
0,048717728;24;0;599,9999812;9,07608E-07
0,048816997;24;0;599,9999819;8,72642E-07
0,048916265;24;0;599,9999826;8,39024E-07
0,049;24;0;599,9999832;8,11675E-07
0,049094152;24;0;599,9999838;7,81988E-07
0,049198103;24;0;599,9999844;7,5047E-07
0,049308496;24;0;599,9999851;7,18389E-07
0,049425028;24;0;599,9999858;6,8601E-07
0,049508465;24;0;599,9999862;6,63727E-07
0,049591902;24;0;599,9999867;6,42168E-07
0,049692139;24;0;599,9999872;6,17192E-07
0,049811898;24;0;599,9999878;5,88622E-07
0,049920652;24;0;599,9999883;5,63825E-07
0,05;24;0;599,9999887;5,46395E-07
0,05;24;0;599,9999887;5,46395E-07
0,05;24;0;599,9999887;5,46395E-07
0,050025934;24;0;599,9999888;5,40815E-07
0,050051868;24;0;599,9999889;5,35293E-07
0,050088643;24;0;599,9999891;5,27559E-07
0,050118938;24;0;599,9999892;5,21271E-07
0,050150807;24;0;599,9999893;5,14738E-07
0,050190012;24;0;599,9999895;5,06813E-07
0,050226993;24;0;599,9999896;4,9945E-07
0,050263908;24;0;599,9999898;4,92206E-07
0,050309965;24;0;599,99999;4,83316E-07
0,050352811;24;0;599,9999901;4,75189E-07
0,050399;24;0;599,9999903;4,66582E-07
0,050455329;24;0;599,9999905;4,56296E-07
0,050506178;24;0;599,9999907;4,47205E-07
0,050575754;24;0;599,999991;4,35059E-07
0,050635884;24;0;599,9999912;4,24828E-07
0,050708948;24;0;599,9999914;4,1272E-07
0,050785292;24;0;599,9999917;4,00436E-07
0,050870937;24;0;599,999992;3,87091E-07
0,050970772;24;0;599,9999923;3,72095E-07
0,051;24;0;599,9999924;3,67816E-07
0,051119889;24;0;599,9999927;3,50772E-07
0,051232905;24;0;599,999993;3,35428E-07
0,051333286;24;0;599,9999933;3,22364E-07
0,051422162;24;0;599,9999935;3,11223E-07
0,051507577;24;0;599,9999938;3,00878E-07
0,051602628;24;0;599,999994;2,8977E-07
0,051708955;24;0;599,9999942;2,77829E-07
0,051819321;24;0;599,9999945;2,65955E-07
0,051930373;24;0;599,9999947;2,5452E-07
0,052;24;0;599,9999949;2,47602E-07
0,052092432;24;0;599,999995;2,38709E-07
0,05223014;24;0;599,9999953;2,26047E-07
0,052304054;24;0;599,9999954;2,19531E-07
0,052377968;24;0;599,9999956;2,13202E-07
0,052475685;24;0;599,9999957;2,05114E-07
0,052600216;24;0;599,9999959;1,9525E-07
0,05267998;24;0;599,9999961;1,89183E-07
0,052759744;24;0;599,9999962;1,83304E-07
0,052859594;24;0;599,9999963;1,76202E-07
0,053;24;0;599,9999965;1,66678E-07
0,053070662;24;0;599,9999966;1,62082E-07
0,053141325;24;0;599,9999967;1,57612E-07
0,053228611;24;0;599,9999968;1,5226E-07
0,053338873;24;0;599,999997;1,45759E-07
0,053449134;24;0;599,9999971;1,39535E-07
0,053552745;24;0;599,9999972;1,33929E-07
0,053639146;24;0;599,9999973;1,29427E-07
0,05373068;24;0;599,9999974;1,24822E-07
0,053830902;24;0;599,9999975;1,19968E-07
0,053941137;24;0;599,9999976;1,14847E-07
0,054;24;0;599,9999977;1,12203E-07
0,054105578;24;0;599,9999978;1,07611E-07
0,054216644;24;0;599,9999979;1,02983E-07
0,054319356;24;0;599,9999979;9,88811E-08
0,054422069;24;0;599,999998;9,49422E-08
0,054512381;24;0;599,9999981;9,16087E-08
0,054604575;24;0;599,9999982;8,83265E-08
0,054707184;24;0;599,9999982;8,48115E-08
0,054819643;24;0;599,9999983;8,11196E-08
0,054924592;24;0;599,9999984;7,78194E-08
0,055;24;0;599,9999984;7,55313E-08
0,055092416;24;0;599,9999985;7,28187E-08
0,055203683;24;0;599,9999986;6,96817E-08
0,055318732;24;0;599,9999986;6,65801E-08
0,055416543;24;0;599,9999987;6,40521E-08
0,055517571;24;0;599,9999987;6,15416E-08
0,055641453;24;0;599,9999988;5,85971E-08
0,055711047;24;0;599,9999988;5,70053E-08
0,05578064;24;0;599,9999988;5,54566E-08
0,055870632;24;0;599,9999989;5,35163E-08
0,055988208;24;0;599,9999989;5,10831E-08
0,056;24;0;599,9999989;5,08453E-08
0,05605896;24;0;599,999999;4,96726E-08
0,056151719;24;0;599,999999;4,78822E-08
0,056275714;24;0;599,9999991;4,55892E-08
0,056364604;24;0;599,9999991;4,40133E-08
0,056453494;24;0;599,9999991;4,24919E-08
0,056550643;24;0;599,9999992;4,08892E-08
0,056657179;24;0;599,9999992;3,92011E-08
0,056763058;24;0;599,9999992;3,75924E-08
0,056866143;24;0;599,9999993;3,60896E-08
0,057;24;0;599,9999993;3,42275E-08
0,057066583;24;0;599,9999993;3,33373E-08
0,057133166;24;0;599,9999993;3,24703E-08
0,057223918;24;0;599,9999994;3,13248E-08
0,057320003;24;0;599,9999994;3,0156E-08
0,05742791;24;0;599,9999994;2,88953E-08
0,057557338;24;0;599,9999994;2,74525E-08
0,057626933;24;0;599,9999994;2,67067E-08
0,057696528;24;0;599,9999995;2,59812E-08
0,057784769;24;0;599,9999995;2,50895E-08
0,057904837;24;0;599,9999995;2,39252E-08
0,058;24;0;599,9999995;2,30409E-08
0,058093596;24;0;599,9999995;2,2203E-08
0,0581857;24;0;599,9999996;2,14083E-08
0,058281955;24;0;599,9999996;2,06081E-08
0,058385139;24;0;599,9999996;1,97835E-08
0,058493238;24;0;599,9999996;1,8955E-08
0,0586085;24;0;599,9999996;1,81098E-08
0,058694816;24;0;599,9999996;1,75016E-08
0,058781131;24;0;599,9999996;1,69138E-08
0,058881167;24;0;599,9999997;1,62573E-08
0,059;24;0;599,9999997;1,55104E-08
0,059106702;24;0;599,9999997;1,48691E-08
0,059202439;24;0;599,9999997;1,43162E-08
0,059316592;24;0;599,9999997;1,36839E-08
0,059396442;24;0;599,9999997;1,32582E-08
0,059476291;24;0;599,9999997;1,28458E-08
0,059574077;24;0;599,9999997;1,23581E-08
0,059705347;24;0;599,9999998;1,17325E-08
0,059783347;24;0;599,9999998;1,13759E-08
0,059861347;24;0;599,9999998;1,10301E-08
0,059955632;24;0;599,9999998;1,06261E-08
0,06;24;0;599,9999998;1,04411E-08
0,060119359;24;0;599,9999998;9,95938E-09
0,060241046;24;0;599,9999998;9,49112E-09
0,060323617;24;0;599,9999998;9,18597E-09
0,060406188;24;0;599,9999998;8,89065E-09
0,06050587;24;0;599,9999998;8,54674E-09
0,060630087;24;0;599,9999998;8,13674E-09
0,060714643;24;0;599,9999998;7,86896E-09
0,060799199;24;0;599,9999998;7,60999E-09
0,060898434;24;0;599,9999998;7,31692E-09
0,061;24;0;599,9999999;7,02865E-09
0,061113965;24;0;599,9999999;6,71868E-09
0,061238184;24;0;599,9999999;6,39637E-09
0,061313776;24;0;599,9999999;6,20785E-09
0,061389367;24;0;599,9999999;6,02488E-09
0,061484716;24;0;599,9999999;5,80177E-09
0,06165524;24;0;599,9999999;5,42314E-09
0,061706901;24;0;599,9999999;5,31339E-09
0,061758562;24;0;599,9999999;5,20587E-09
0,06184147;24;0;599,9999999;5,03783E-09
0,061910882;24;0;599,9999999;4,90132E-09
0,061991346;24;0;599,9999999;4,7477E-09
0,062;24;0;599,9999999;4,73147E-09
0,062043272;24;0;599,9999999;4,65113E-09
0,062165594;24;0;599,9999999;4,43133E-09
0,062272633;24;0;599,9999999;4,24754E-09
0,062364365;24;0;599,9999999;4,0961E-09
0,062469713;24;0;599,9999999;3,92884E-09
0,062575061;24;0;599,9999999;3,76841E-09
0,062667442;24;0;599,9999999;3,63312E-09
0,062751376;24;0;599,9999999;3,51442E-09
0,062844243;24;0;599,9999999;3,3876E-09
0,062947193;24;0;599,9999999;3,25235E-09
0,063;24;0;599,9999999;3,18509E-09
0,06315081;24;0;599,9999999;3,00055E-09
0,063222539;24;0;599,9999999;2,91657E-09
0,063294269;24;0;599,9999999;2,83494E-09
0,063382121;24;0;599,9999999;2,73807E-09
0,063504036;24;0;599,9999999;2,60909E-09
0,063589076;24;0;599,9999999;2,52274E-09
0,063674115;24;0;599,9999999;2,43925E-09
0,063775974;24;0;600;2,34287E-09
0,06389275;24;0;600;2,23706E-09
0,064;24;0;600;2,1441E-09
0,064098785;24;0;600;2,0619E-09
0,064237958;24;0;600;1,9514E-09
0,064297845;24;0;600;1,90569E-09
0,064357731;24;0;600;1,86106E-09
0,064441476;24;0;600;1,80039E-09
0,064523079;24;0;600;1,74318E-09
0,064614007;24;0;600;1,68157E-09
0,064715103;24;0;600;1,61562E-09
0,064824121;24;0;600;1,54739E-09
0,064935507;24;0;600;1,48066E-09
0,065;24;0;600;1,44335E-09
0,065099277;24;0;600;1,38774E-09
0,065217678;24;0;600;1,32421E-09
0,065309278;24;0;600;1,27707E-09
0,065400877;24;0;600;1,2316E-09
0,065498488;24;0;600;1,18493E-09
0,065602899;24;0;600;1,13697E-09
0,065709907;24;0;600;1,08982E-09
0,06582205;24;0;600;1,04251E-09
0,065914866;24;0;600;1,00491E-09
0,066;24;0;600;9,71619E-10
0,066097029;24;0;600;9,35012E-10
0,066207021;24;0;600;8,95188E-10
0,066316686;24;0;600;8,57172E-10
0,066421311;24;0;600;8,22402E-10
0,066528271;24;0;600;7,88311E-10
0,066612892;24;0;600;7,62351E-10
0,066697513;24;0;600;7,3724E-10
0,066796205;24;0;600;7,09002E-10
0,06690859;24;0;600;6,78157E-10
0,067;24;0;600;6,54061E-10
0,06710909;24;0;600;6,26425E-10
0,067226793;24;0;600;5,97915E-10
0,067311661;24;0;600;5,78167E-10
0,06739653;24;0;600;5,59069E-10
0,067497048;24;0;600;5,37264E-10
0,067613599;24;0;600;5,13041E-10
0,067721347;24;0;600;4,91629E-10
0,067816919;24;0;600;4,73382E-10
0,067947389;24;0;600;4,49557E-10
0,068;24;0;600;4,40293E-10
0,068073165;24;0;600;4,27728E-10
0,068157584;24;0;600;4,13673E-10
0,068242003;24;0;600;4,00082E-10
0,068342691;24;0;600;3,84455E-10
0,068452691;24;0;600;3,68075E-10
0,068565292;24;0;600;3,52032E-10
0,068666531;24;0;600;3,38206E-10
0,068767771;24;0;600;3,24923E-10
0,068858454;24;0;600;3,1347E-10
0,0689509;24;0;600;3,02209E-10
0,069;24;0;600;2,96392E-10
0,069137751;24;0;600;2,80665E-10
0,069215301;24;0;600;2,72185E-10
0,069292852;24;0;600;2,63957E-10
0,069389655;24;0;600;2,54035E-10
0,069512915;24;0;600;2,41942E-10
0,069600125;24;0;600;2,33737E-10
0,069687334;24;0;600;2,25804E-10
0,069789957;24;0;600;2,16821E-10
0,06990135;24;0;600;2,07467E-10
0,07;24;0;600;1,99525E-10
0,070148763;24;0;600;1,88114E-10
0,070211441;24;0;600;1,83507E-10
0,070274119;24;0;600;1,79009E-10
0,070355494;24;0;600;1,73335E-10
0,070447444;24;0;600;1,67144E-10
0,070542709;24;0;600;1,60964E-10
0,070648475;24;0;600;1,54364E-10
0,070766243;24;0;600;1,47334E-10
0,070851876;24;0;600;1,42422E-10
0,07093751;24;0;600;1,37676E-10
0,071;24;0;600;1,34312E-10
0,071115525;24;0;600;1,28311E-10
0,071252236;24;0;600;1,21552E-10
0,071323501;24;0;600;1,1817E-10
0,071394765;24;0;600;1,14884E-10
0,071487092;24;0;600;1,10762E-10
0,071620039;24;0;600;1,05084E-10
0,07169832;24;0;600;1,01881E-10
0,071776602;24;0;600;9,8771E-11
0,071876071;24;0;600;9,49561E-11
0,072;24;0;600;9,04121E-11
0,072078394;24;0;600;8,76535E-11
0,072156788;24;0;600;8,49767E-11
0,07225413;24;0;600;8,17592E-11
0,072384377;24;0;600;7,76522E-11
0,072464176;24;0;600;7,52368E-11
0,072543975;24;0;600;7,28952E-11
0,072640075;24;0;600;7,01745E-11
0,072752755;24;0;600;6,71169E-11
0,072864493;24;0;600;6,42113E-11
0,072964843;24;0;600;6,17068E-11
0,073;24;0;600;6,0854E-11
0,073101484;24;0;600;5,84565E-11
0,073197344;24;0;600;5,62838E-11
0,073295826;24;0;600;5,41346E-11
0,073405672;24;0;600;5,18268E-11
0,073536658;24;0;600;4,92139E-11
0,073605988;24;0;600;4,78783E-11
0,073675319;24;0;600;4,65803E-11
0,073762894;24;0;600;4,49952E-11
0,07388411;24;0;600;4,28878E-11
0,074;24;0;600;4,09641E-11
0,074071633;24;0;600;3,98171E-11
0,074143266;24;0;600;3,8702E-11
0,074232568;24;0;600;3,736E-11
0,074363016;24;0;600;3,54822E-11
0,07444496;24;0;600;3,43481E-11
0,074526903;24;0;600;3,32487E-11
0,074626309;24;0;600;3,1965E-11
0,074742886;24;0;600;3,05307E-11
0,074827293;24;0;600;2,95244E-11
0,074911699;24;0;600;2,85554E-11
0,075;24;0;600;2,7574E-11
0,075113324;24;0;600;2,63674E-11
0,075236695;24;0;600;2,51092E-11
0,075343018;24;0;600;2,40708E-11
0,07543863;24;0;600;2,31771E-11
0,075534241;24;0;600;2,23177E-11
0,075624885;24;0;600;2,15319E-11
0,075718052;24;0;600;2,07522E-11
0,075819658;24;0;600;1,99364E-11
0,075928232;24;0;600;1,90989E-11
0,076;24;0;600;1,85638E-11
0,076134085;24;0;600;1,75974E-11
0,076245603;24;0;600;1,68458E-11
0,076321836;24;0;600;1,63404E-11
0,076398069;24;0;600;1,58549E-11
0,07649746;24;0;600;1,52358E-11
0,076623616;24;0;600;1,44945E-11
0,076698718;24;0;600;1,40753E-11
0,076773819;24;0;600;1,36666E-11
0,07687248;24;0;600;1,31388E-11
0,077;24;0;600;1,24975E-11
0,077076935;24;0;600;1,21231E-11
0,077153869;24;0;600;1,17621E-11
0,077252292;24;0;600;1,13097E-11
0,077416101;24;0;600;1,05976E-11
0,077473243;24;0;600;1,03626E-11
0,077530386;24;0;600;1,01343E-11
0,07760856;24;0;600;9,82486E-12
0,077686595;24;0;600;9,52723E-12
0,077772781;24;0;600;9,20683E-12
0,077873812;24;0;600;8,84887E-12
0,078;24;0;600;8,41947E-12
0,078105366;24;0;600;8,07475E-12
0,078193819;24;0;600;7,79158E-12
0,078267726;24;0;600;7,56751E-12
0,078341634;24;0;600;7,34976E-12
0,07846063;24;0;600;7,0048E-12
0,078574322;24;0;600;6,69902E-12
0,078677345;24;0;600;6,43353E-12
0,078767013;24;0;600;6,20939E-12
0,078856681;24;0;600;5,99119E-12
0,078953929;24;0;600;5,76684E-12
0,079;24;0;600;5,66528E-12
0,079116243;24;0;600;5,41173E-12
0,07925446;24;0;600;5,12643E-12
0,079322087;24;0;600;4,98838E-12
0,079389715;24;0;600;4,85425E-12
0,079475194;24;0;600;4,69139E-12
0,079589959;24;0;600;4,48496E-12
0,079697347;24;0;600;4,30099E-12
0,079780281;24;0;600;4,16349E-12
0,079863215;24;0;600;4,02832E-12
0,079961924;24;0;600;3,86939E-12
0,08;24;0;600;3,81275E-12
0,080116138;24;0;600;3,63817E-12
0,080231037;24;0;600;3,47638E-12
0,080324359;24;0;600;3,35575E-12
0,080417681;24;0;600;3,23005E-12
0,080512663;24;0;600;3,11326E-12
0,080612697;24;0;600;2,99146E-12
0,080717905;24;0;600;2,86812E-12
0,080828544;24;0;600;2,7447E-12
0,080934621;24;0;600;2,63184E-12
0,081;24;0;600;2,56579E-12
0,081092302;24;0;600;2,47246E-12
0,081219091;24;0;600;2,34727E-12
0,08129953;24;0;600;2,27803E-12
0,081379969;24;0;600;2,21304E-12
0,081478843;24;0;600;2,12947E-12
0,081599474;24;0;600;2,02426E-12
0,081711137;24;0;600;1,94256E-12
0,081802461;24;0;600;1,87521E-12
0,081919218;24;0;600;1,79007E-12
0,082;24;0;600;1,73393E-12
0,082081428;24;0;600;1,67993E-12
0,082182286;24;0;600;1,61253E-12
0,082305885;24;0;600;1,54335E-12
0,082383338;24;0;600;1,49164E-12
0,082460791;24;0;600;1,4481E-12
0,082556247;24;0;600;1,39406E-12
0,08267894;24;0;600;1,32943E-12
0,082765763;24;0;600;1,28362E-12
0,082852587;24;0;600;1,24179E-12
0,082954808;24;0;600;1,1926E-12
0,083;24;0;600;1,17071E-12
0,083147298;24;0;600;1,10614E-12
0,083219622;24;0;600;1,07165E-12
0,083291947;24;0;600;1,04437E-12
0,083386778;24;0;600;9,99881E-13
0,083552856;24;0;600;9,43824E-13
0,083610196;24;0;600;9,16509E-13
0,083667535;24;0;600;8,94536E-13
0,08375687;24;0;600;8,60616E-13
0,083829497;24;0;600;8,34438E-13
0,083912614;24;0;600;8,06752E-13
0,084;24;0;600;7,79705E-13
0,084112576;24;0;600;7,4546E-13
0,084211419;24;0;600;7,21374E-13
0,084310262;24;0;600;6,93396E-13
0,084416402;24;0;600;6,69368E-13
0,084531614;24;0;600;6,3941E-13
0,084624478;24;0;600;6,16987E-13
0,084717342;24;0;600;5,964E-13
0,084814045;24;0;600;5,7605E-13
0,084916802;24;0;600;5,54427E-13
0,085;24;0;600;5,33766E-13
0,085126339;24;0;600;5,06153E-13
0,085244648;24;0;600;4,8293E-13
0,085324924;24;0;600;4,69569E-13
0,085405199;24;0;600;4,54322E-13
0,085504247;24;0;600;4,34625E-13
0,085650204;24;0;600;4,09771E-13
0,08571629;24;0;600;4,0003E-13
0,085782376;24;0;600;3,90738E-13
0,085866146;24;0;600;3,78805E-13
0,085975665;24;0;600;3,64199E-13
0,086;24;0;600;3,60901E-13
0,086104435;24;0;600;3,46543E-13
0,086203939;24;0;600;3,30186E-13
0,086294429;24;0;600;3,2046E-13
0,086390429;24;0;600;3,08733E-13
0,086496485;24;0;600;2,96753E-13
0,086614376;24;0;600;2,83883E-13
0,086699985;24;0;600;2,79956E-13
0,086785593;24;0;600;2,70316E-13
0,086886038;24;0;600;2,54493E-13
0,087;24;0;600;2,42785E-13
0,087107614;24;0;600;2,32108E-13
0,087206424;24;0;600;2,2485E-13
0,087343073;24;0;600;2,11981E-13
0,087406256;24;0;600;2,07042E-13
0,087469439;24;0;600;2,02378E-13
0,087557472;24;0;600;1,9687E-13
0,087643981;24;0;600;1,91144E-13
0,087741033;24;0;600;1,8399E-13
0,087846156;24;0;600;1,77237E-13
0,087962084;24;0;600;1,71234E-13
0,088;24;0;600;1,71234E-13
0,088094518;24;0;600;1,6795E-13
0,088191844;24;0;600;1,60423E-13
0,088301237;24;0;600;1,54753E-13
0,08843019;24;0;600;1,5171E-13
0,088500995;24;0;600;1,47589E-13
0,0885718;24;0;600;1,42902E-13
0,088661354;24;0;600;1,37299E-13
0,088793368;24;0;600;1,27089E-13
0,088874257;24;0;600;1,25826E-13
0,088955147;24;0;600;1,18954E-13
0,089;24;0;600;1,17543E-13
0,089120456;24;0;600;1,12718E-13
0,089225023;24;0;600;1,08288E-13
0,089317049;24;0;600;1,03633E-13
0,089458357;24;0;600;9,98164E-14
0,089521649;24;0;600;9,53741E-14
0,089584942;24;0;600;9,53741E-14
0,089663848;24;0;600;9,47726E-14
0,089742754;24;0;600;9,10878E-14
0,089834754;24;0;600;8,64179E-14
0,089943084;24;0;600;7,67169E-14
0,09;24;0;600;7,49267E-14
0,090114331;24;0;600;7,6603E-14
0,090211775;24;0;600;6,89626E-14
0,09030922;24;0;600;6,29017E-14
0,090413404;24;0;600;6,29017E-14
0,090524263;24;0;600;6,12117E-14
0,090652133;24;0;600;5,57791E-14
0,090723419;24;0;600;5,35369E-14
0,090794705;24;0;600;5,35369E-14
0,090884458;24;0;600;5,35369E-14
0,091;24;0;600;5,35369E-14
0,091097815;24;0;600;5,35369E-14
0,09119563;24;0;600;5,35369E-14
0,091288923;24;0;600;5,35369E-14
0,091385272;24;0;600;5,35369E-14
0,091490268;24;0;600;5,35369E-14
0,091604837;24;0;600;5,35369E-14
0,09170164;24;0;600;5,35369E-14
0,091798443;24;0;600;5,35369E-14
0,091893205;24;0;600;5,35369E-14
0,092;24;0;600;5,35369E-14
0,092104877;24;0;600;5,35369E-14
0,092224178;24;0;600;5,35369E-14
0,092301946;24;0;600;5,35369E-14
0,092379713;24;0;600;5,35369E-14
0,092477039;24;0;600;5,35369E-14
0,092623799;24;0;600;5,457E-14
0,092690383;24;0;600;4,83098E-14
0,092756968;24;0;600;4,67664E-14
0,092843043;24;0;600;4,67664E-14
0,092951423;24;0;600;4,67664E-14
0,093;24;0;600;4,67664E-14
0,093108644;24;0;600;4,67664E-14
0,093207101;24;0;600;4,67664E-14
0,093307593;24;0;600;4,67664E-14
0,093433803;24;0;600;4,67664E-14
0,093506662;24;0;600;4,67664E-14
0,09357952;24;0;600;4,67664E-14
0,093675063;24;0;600;4,67664E-14
0,093800851;24;0;600;4,67664E-14
0,093881999;24;0;600;4,67664E-14
0,093963146;24;0;600;4,67664E-14
0,094;24;0;600;4,67664E-14
0,094118329;24;0;600;4,67664E-14
0,094227104;24;0;600;4,67664E-14
0,094323319;24;0;600;4,67664E-14
0,09448507;24;0;600;4,55335E-14
0,094534585;24;0;600;4,3976E-14
0,0945841;24;0;600;4,19789E-14
0,094646871;24;0;600;4,19789E-14
0,094709641;24;0;600;4,19789E-14
0,094798832;24;0;600;4,19789E-14
0,094877985;24;0;600;4,19789E-14
0,094968578;24;0;600;4,19789E-14
0,095;24;0;600;4,19789E-14
0,095123069;24;0;600;4,19789E-14
0,095241819;24;0;600;4,19789E-14
0,095316501;24;0;600;4,19789E-14
0,095391183;24;0;600;4,19789E-14
0,095485306;24;0;600;4,19789E-14
0,095606356;24;0;600;4,19789E-14
0,095692379;24;0;600;4,19789E-14
0,095778401;24;0;600;4,19789E-14
0,095878212;24;0;600;4,19789E-14
0,096;24;0;600;4,19789E-14
0,096107085;24;0;600;4,19789E-14
0,096202857;24;0;600;4,19789E-14
0,096341089;24;0;600;4,19789E-14
0,096401791;24;0;600;4,19789E-14
0,096462493;24;0;600;4,19789E-14
0,096545852;24;0;600;4,19789E-14
0,096627167;24;0;600;4,19789E-14
0,096717584;24;0;600;4,19789E-14
0,096818203;24;0;600;4,19789E-14
0,096927064;24;0;600;4,19789E-14
0,097;24;0;600;4,19789E-14
0,097087145;24;0;600;4,19789E-14
0,09717429;24;0;600;4,19789E-14
0,09731115;24;0;600;4,19789E-14
0,097449148;24;0;600;4,19789E-14
0,097523933;24;0;600;4,19789E-14
0,097598718;24;0;600;4,19789E-14
0,097700029;24;0;600;4,19789E-14
0,097806948;24;0;600;4,19789E-14
0,09790669;24;0;600;4,19789E-14
0,098;24;0;600;4,19789E-14
0,098090074;24;0;600;4,19789E-14
0,098187314;24;0;600;4,19789E-14
0,098293572;24;0;600;4,19789E-14
0,098406481;24;0;600;4,19789E-14
0,098511245;24;0;600;4,19789E-14
0,098616009;24;0;600;4,19789E-14
0,098704944;24;0;600;4,19789E-14
0,098794945;24;0;600;4,19789E-14
0,098895334;24;0;600;4,19789E-14
0,099;24;0;600;4,19789E-14
0,099127806;24;0;600;4,19789E-14
0,0992037;24;0;600;4,19789E-14
0,099279595;24;0;600;4,19789E-14
0,09937716;24;0;600;4,19789E-14
0,099499263;24;0;600;4,19789E-14
0,09958333;24;0;600;4,19789E-14
0,099667396;24;0;600;4,19789E-14
0,099767336;24;0;600;4,19789E-14
0,099881588;24;0;600;4,19789E-14
0,1;24;0;600;4,19789E-14
